patient,n_malig_clones,n_cells,silhouette_expr,silhouette_null,null_sd,z_over_null
P10,3,1902,0.1130385622382164,-0.01611161797773093,0.02023895434620799,6.381267116148124
P2,2,3587,0.1389603316783905,-5.305564496666193e-05,0.004187059491161357,33.20071148167226
P4,4,4840,0.1351168006658554,-0.012693472024984657,0.008234140812568715,17.950901995059194
P5,2,1100,0.27148935198783875,0.0006634310072695371,0.007726293346196767,35.05249849999334
P6,3,4239,0.08045638352632523,-0.006104150712490082,0.0028549559261658824,30.319383611529087
P7,3,2837,0.16228941082954407,-0.006776726352982223,0.0026638431416552122,63.46697786811017
P8,3,1716,0.11518128961324692,-0.015651399503694846,0.016529397375635038,7.915151304586749
P9,4,4008,0.12349189072847366,-0.02190807828679681,0.016680130370074178,8.71695586739398
