{
  "n": 40,
  "n_cohorts": 2,
  "cv5": {
    "immune_floor": 0.7644110275689223,
    "learned_rep": 0.7468671679197996,
    "floor+rep": 0.7393483709273183
  },
  "loco": {
    "immune_floor": 0.7042606516290727,
    "learned_rep": 0.5639097744360902,
    "floor+rep": 0.5664160401002506
  },
  "loco_perm_p": {
    "immune_floor": 0.006666666666666667,
    "learned_rep": 0.15333333333333332,
    "floor+rep": 0.13666666666666666
  }
}