{
  "repeated_cv": {
    "immune_floor": [
      0.7601503759398496,
      0.009579706693542049
    ],
    "learned_rep": [
      0.6676691729323307,
      0.06002179238793226
    ],
    "floor+rep": [
      0.6674185463659148,
      0.05760105180539792
    ]
  },
  "loco_obs": {
    "immune_floor": 0.7042606516290727,
    "learned_rep": 0.5639097744360902,
    "floor+rep": 0.5664160401002506
  },
  "loco_perm_p": {
    "immune_floor": 0.004,
    "learned_rep": 0.162,
    "floor+rep": 0.152
  }
}