{
  "n": 40,
  "intrinsic": [
    "act_pc1",
    "prolif",
    "SPLICE_NEOANTIGEN",
    "FUSION_NEOANTIGEN"
  ],
  "joint_intrinsic_over_hardened_floor_p": 0.5425033647721402,
  "hardened_floor_over_intrinsic_p": 0.013431206432194599,
  "floor_type": "2-PC of 11-cell-type xCell-style block",
  "cell_response": {
    "CD8_Tcell": [
      0.4705542296470635,
      0.0021827515747243724
    ],
    "CD4_Tcell": [
      0.340447069375986,
      0.03158904230509371
    ],
    "Treg": [
      0.45320660827758646,
      0.0033164333480363243
    ],
    "NK": [
      0.40983755485389395,
      0.008631002747583544
    ],
    "Bcell": [
      0.2580458678709703,
      0.10791542113516611
    ],
    "Macrophage": [
      0.3491208800607245,
      0.027243429331787316
    ],
    "DC": [
      0.39248993348441696,
      0.012243842160579122
    ],
    "Cytotoxic": [
      0.4358589869081095,
      0.004934357459314753
    ],
    "Stroma_fibro": [
      0.019516074040661618,
      0.9048572363286309
    ],
    "Endothelial": [
      0.11926489691515434,
      0.4635577700804766
    ],
    "Checkpoint": [
      0.5225970937554945,
      0.0005415302357082429
    ]
  }
}